{"schemaVersion":"1.0","appDefinitionTemplate":{"id":"/providers/Microsoft.PowerApps/apps/","type":"Microsoft.PowerApps/apps","tags":{"primaryDeviceWidth":"640","primaryDeviceHeight":"1136","sienaVersion":"20220304T205551Z-3.22022.31.0","deviceCapabilities":"","supportsPortrait":"true","supportsLandscape":"true","primaryFormFactor":"Phone","publisherVersion":"3.22022.31","minimumRequiredApiVersion":"2.2.0","hasComponent":"false","hasUnlockedComponent":"false","isUnifiedRootApp":"false"},"properties":{"appVersion":"2022-03-04T20:55:51Z","lifeCycleId":"Published","createdByClientVersion":{"major":3,"minor":22022,"build":31,"revision":0,"majorRevision":0,"minorRevision":0},"minClientVersion":{"major":3,"minor":22022,"build":31,"revision":0,"majorRevision":0,"minorRevision":0},"backgroundColor":"RGBA(0,176,240,1)","backgroundImageUri":"/16566821760964280214/Nb889a1d1-4c2e-4f8d-9ebf-2cd0f8cfbfd8-logoSmallFile","displayName":"Categorización archivos","description":"","commitMessage":"","appUris":{"documentUri":{"value":"/16566821760964280214/N3ee2c964-deb7-49a7-85d2-97826d372c49-document.msapp"},"imageUris":[]},"createdTime":"0001-01-01T00:00:00Z","lastModifiedTime":"0001-01-01T00:00:00Z","sharedGroupsCount":0,"sharedUsersCount":0,"icons":{"smallIconUri":"/16566821760964280214/Nf8dc2678-e90f-4853-a829-23b03e556549-small.png","mediumIconUri":"/16566821760964280214/Nc2597fe8-7e58-4b77-96ab-a3b66a2a743e-medium.png","largeIconUri":"/16566821760964280214/Nb8abf4f9-1df7-4d8f-b9d9-ed0f2941ccae-large.png","wideIconUri":"/16566821760964280214/N2a2fac35-b814-485e-a3f2-1067e6ca4926-wide.png"},"connectionReferences":{"2c655338-a5b1-42f3-82c3-8c547ddfb9e4":{"id":"1d1b4430-613f-46fb-83a3-2393075bc3fe","displayName":"SharePoint","iconUri":"https://connectoricons-prod.azureedge.net/releases/v1.0.1554/1.0.1554.2707/sharepointonline/icon.png","dataSources":["Categorización de archivos"],"dependencies":[],"dependents":[],"parameterHints":{},"parameterHintsV2":{},"isOnPremiseConnection":false,"dataSets":{"https://alumnosuaslpedu.sharepoint.com/sites/PowerApps":{"dataSources":{"Categorización de archivos":{"tableName":"ef46dd60-e817-4e81-83d2-2124af83575b"}}}},"apiTier":"Standard","isCustomApiConnection":false,"actions":["providers/PowerPlatform.Governance/Operations/Read","providers/PowerPlatform.Governance/Operations/Write","providers/PowerPlatform.Governance/Operations/Delete"]}},"databaseReferences":{},"almMode":"Environment","performanceOptimizationEnabled":true,"canConsumeAppPass":true,"executionRestrictions":{"isTeamsOnly":false,"dataLossPreventionEvaluationResult":{"status":"Compliant","lastEvaluationDate":"2022-03-04T20:56:07.079396Z","violations":[],"violationsByPolicy":[],"violationErrorMessage":"La aplicación usa los siguientes conectores: shared_sharepointonline."}}},"appType":"ClassicCanvasApp","appComponents":[]}}