{"schemaVersion":"1.0","appDefinitionTemplate":{"id":"/providers/Microsoft.PowerApps/apps/","type":"Microsoft.PowerApps/apps","tags":{"primaryDeviceWidth":"640","primaryDeviceHeight":"1136","sienaVersion":"20210911T232124Z-3.21084.23.0","deviceCapabilities":"webcam","supportsPortrait":"true","supportsLandscape":"true","primaryFormFactor":"Phone","publisherVersion":"3.21084.23","minimumRequiredApiVersion":"2.2.0","hasComponent":"false","hasUnlockedComponent":"false","isUnifiedRootApp":"false"},"properties":{"appVersion":"2021-09-11T23:21:24Z","lifeCycleId":"Published","createdByClientVersion":{"major":3,"minor":21084,"build":23,"revision":0,"majorRevision":0,"minorRevision":0},"minClientVersion":{"major":3,"minor":21084,"build":23,"revision":0,"majorRevision":0,"minorRevision":0},"backgroundColor":"rgba(0, 176, 240, 1)","backgroundImageUri":"/387507558312317386/N06ac2ce8-70c9-49d3-bffd-4ee2840c2082-logoSmallFile","displayName":"Image Share","description":"","commitMessage":"","appUris":{"documentUri":{"value":"/387507558312317386/N3d144a8f-2816-408f-91e7-b6ba09900a86-document.msapp"},"imageUris":[],"additionalUris":[]},"createdTime":"0001-01-01T00:00:00Z","lastModifiedTime":"0001-01-01T00:00:00Z","sharedGroupsCount":0,"sharedUsersCount":0,"icons":{"smallIconUri":"/387507558312317386/Nb0315493-e6c0-4431-976e-9c8b9b32926d-small.png","mediumIconUri":"/387507558312317386/Ndddf1e8c-1886-40fb-9c32-1b67e41a2722-medium.png","largeIconUri":"/387507558312317386/Ncddea23a-1149-4e39-8156-d508c1ef4a49-large.png","wideIconUri":"/387507558312317386/N625f271c-695c-441b-a22f-d02a20464a9f-wide.png"},"connectionReferences":{"37b88095-7353-4d36-9afb-a0d6736eb7ab":{"id":"1d1b4430-613f-46fb-83a3-2393075bc3fe","displayName":"SharePoint","iconUri":"https://connectoricons-prod.azureedge.net/releases/v1.0.1487/1.0.1487.2472/sharepointonline/icon.png","dataSources":["Imagenes Sharepoint"],"dependencies":[],"dependents":[],"parameterHints":{},"parameterHintsV2":{},"isOnPremiseConnection":false,"bypassConsent":false,"dataSets":{"https://alumnosuaslpedu.sharepoint.com/":{"dataSources":{"Imagenes Sharepoint":{"tableName":"81acbfb1-8de4-4f53-aaaa-49c9c0180b51"}}}},"apiTier":"Standard","isCustomApiConnection":false,"actions":["providers/PowerPlatform.Governance/Operations/Read","providers/PowerPlatform.Governance/Operations/Write","providers/PowerPlatform.Governance/Operations/Delete"]}},"databaseReferences":{},"almMode":"Environment","performanceOptimizationEnabled":true,"canConsumeAppPass":true,"executionRestrictions":{"isTeamsOnly":false,"dataLossPreventionEvaluationResult":{"status":"Compliant","lastEvaluationDate":"2021-09-11T21:53:42.396151Z","violations":[],"violationsByPolicy":[],"violationErrorMessage":"La aplicación usa los siguientes conectores: shared_sharepointonline."}}},"appType":"ClassicCanvasApp","appComponents":[]}}