{"schemaVersion":"1.0","appDefinitionTemplate":{"id":"/providers/Microsoft.PowerApps/apps/","type":"Microsoft.PowerApps/apps","tags":{"primaryDeviceWidth":"1366","primaryDeviceHeight":"768","sienaVersion":"20211010T223730Z-3.21093.33.0","deviceCapabilities":"","supportsPortrait":"true","supportsLandscape":"true","primaryFormFactor":"Tablet","publisherVersion":"3.21093.33","minimumRequiredApiVersion":"2.2.0","hasComponent":"false","hasUnlockedComponent":"false","isUnifiedRootApp":"false"},"properties":{"appVersion":"2021-10-10T22:37:30Z","lifeCycleId":"Published","createdByClientVersion":{"major":3,"minor":21093,"build":33,"revision":0,"majorRevision":0,"minorRevision":0},"minClientVersion":{"major":3,"minor":21093,"build":33,"revision":0,"majorRevision":0,"minorRevision":0},"backgroundColor":"RGBA(0,176,240,1)","backgroundImageUri":"/18426213993808974035/Nbb223e14-a15a-4532-a531-7bc0d71babfe-logoSmallFile","displayName":"Tutorial Formulario","description":"","commitMessage":"","appUris":{"documentUri":{"value":"/18426213993808974035/N3773986f-ede1-4244-a36d-197499200dea-document.msapp"},"imageUris":[]},"createdTime":"0001-01-01T00:00:00Z","lastModifiedTime":"0001-01-01T00:00:00Z","sharedGroupsCount":0,"sharedUsersCount":0,"icons":{"smallIconUri":"/18426213993808974035/N9aeff0a4-989a-4e2e-b868-90c162b18fca-small.png","mediumIconUri":"/18426213993808974035/Na73d46d4-9337-493a-874a-2984edd0cdb0-medium.png","largeIconUri":"/18426213993808974035/N89502ac0-643d-4513-ba71-53c6be9d559c-large.png","wideIconUri":"/18426213993808974035/Nb3bcbecb-a2ea-4096-abfd-67c95e56b350-wide.png"},"connectionReferences":{"9f8135ad-2877-4f1e-94a9-8901523da238":{"id":"1d1b4430-613f-46fb-83a3-2393075bc3fe","displayName":"SharePoint","iconUri":"https://connectoricons-prod.azureedge.net/releases/v1.0.1518/1.0.1518.2564/sharepointonline/icon.png","dataSources":["Tutorial Formulario","Prioridades"],"dependencies":[],"dependents":[],"parameterHints":{},"parameterHintsV2":{},"isOnPremiseConnection":false,"dataSets":{"https://alumnosuaslpedu.sharepoint.com/sites/PowerApps":{"dataSources":{"Tutorial Formulario":{"tableName":"770e5101-fffa-4898-bddf-39b826d97d66"},"Prioridades":{"tableName":"929ccc2d-19e9-4761-9901-198855885070"}}}},"apiTier":"Standard","isCustomApiConnection":false,"actions":["providers/PowerPlatform.Governance/Operations/Read"]}},"databaseReferences":{},"almMode":"Environment","performanceOptimizationEnabled":true,"canConsumeAppPass":true,"executionRestrictions":{"isTeamsOnly":false,"dataLossPreventionEvaluationResult":{"status":"Compliant","lastEvaluationDate":"2021-10-10T22:37:45.593761Z","violations":[],"violationsByPolicy":[],"violationErrorMessage":"La aplicación usa los siguientes conectores: shared_sharepointonline."}}},"appType":"ClassicCanvasApp","appComponents":[]}}